{"stats":{"minecraft:picked_up":{"minecraft:stick":3,"minecraft:apple":1,"minecraft:oak_log":57,"minecraft:oak_sapling":3,"minecraft:dirt":17},"minecraft:custom":{"minecraft:time_since_rest":25829,"minecraft:crouch_one_cm":1241,"minecraft:sprint_one_cm":9634,"minecraft:play_time":25829,"minecraft:walk_one_cm":11521,"minecraft:sneak_time":1100,"minecraft:jump":66,"minecraft:leave_game":2,"minecraft:walk_on_water_one_cm":1936,"minecraft:time_since_death":25829,"minecraft:total_world_time":25829,"minecraft:interact_with_crafting_table":1,"minecraft:fall_one_cm":956,"minecraft:fly_one_cm":3820},"minecraft:used":{"minecraft:wooden_axe":55,"minecraft:dirt":13,"minecraft:crafting_table":1},"minecraft:mined":{"minecraft:grass_block":14,"minecraft:oak_log":57,"minecraft:dirt":3,"minecraft:oak_leaves":23},"minecraft:crafted":{"minecraft:oak_planks":28,"minecraft:crafting_table":1,"minecraft:stick":12,"minecraft:wooden_axe":1}},"DataVersion":3465}