{"stat.pickup.minecraft.rotten_flesh":2,"stat.pickup.minecraft.double_plant":2,"stat.walkOneCm":16923,"stat.craftItem.minecraft.planks":20,"stat.pickup.minecraft.crafting_table":1,"stat.damageTaken":375,"stat.mineBlock.minecraft.crafting_table":1,"stat.craftItem.minecraft.crafting_table":1,"stat.mineBlock.minecraft.double_plant":2,"stat.craftItem.minecraft.wooden_sword":1,"stat.mineBlock.minecraft.log":5,"stat.pickup.minecraft.log":5,"stat.flyOneCm":18432,"stat.deaths":2,"stat.jump":123,"stat.mineBlock.minecraft.leaves":2,"stat.swimOneCm":702,"stat.playOneMinute":11523,"stat.entityKilledBy.Zombie":1,"stat.fallOneCm":4951,"stat.sneakTime":459,"stat.damageDealt":10,"stat.crouchOneCm":1074,"stat.timeSinceDeath":10434,"stat.useItem.minecraft.wooden_axe":2,"stat.pickup.minecraft.dirt":1,"stat.sprintOneCm":16760,"stat.mineBlock.minecraft.dirt":1,"stat.useItem.minecraft.stone_slab2":1,"stat.craftItem.minecraft.wooden_pickaxe":1,"stat.craftItem.minecraft.stick":8,"stat.craftItem.minecraft.wooden_axe":1,"stat.craftingTableInteraction":4}