{"stat.pickup.minecraft.double_plant":11,"stat.walkOneCm":54288,"stat.pickup.minecraft.crafting_table":2,"stat.craftItem.minecraft.crafting_table":1,"stat.furnaceInteraction":4,"stat.mineBlock.minecraft.double_plant":6,"stat.craftItem.minecraft.boat":1,"stat.craftItem.minecraft.coal":4,"stat.pickup.minecraft.log":14,"stat.useItem.minecraft.rotten_flesh":2,"stat.useItem.minecraft.mutton":1,"stat.jump":302,"stat.swimOneCm":6351,"stat.fallOneCm":11225,"stat.craftItem.minecraft.stone_slab2":0,"stat.pickup.minecraft.porkchop":3,"stat.crouchOneCm":1089,"stat.pickup.minecraft.dirt":10,"stat.useItem.minecraft.dirt":2,"stat.sprintOneCm":35310,"stat.useItem.minecraft.stone_slab2":4,"stat.craftItem.minecraft.stick":8,"stat.craftItem.minecraft.wooden_axe":1,"stat.craftingTableInteraction":10,"stat.pickup.minecraft.rotten_flesh":2,"stat.craftItem.minecraft.furnace":1,"stat.boatOneCm":66072,"stat.craftItem.minecraft.planks":24,"stat.damageTaken":455,"stat.mineBlock.minecraft.crafting_table":2,"stat.mineBlock.minecraft.red_flower":28,"stat.craftItem.minecraft.stone_pickaxe":1,"stat.useItem.minecraft.wooden_pickaxe":19,"stat.mobKills":13,"stat.pickup.minecraft.cobblestone":26,"stat.craftItem.minecraft.wooden_sword":1,"stat.mineBlock.minecraft.log":14,"stat.flyOneCm":57799,"stat.useItem.minecraft.boat":1,"stat.deaths":2,"stat.mineBlock.minecraft.leaves":3,"stat.playOneMinute":23223,"stat.entityKilledBy.Zombie":1,"stat.useItem.minecraft.wooden_sword":36,"stat.killEntity.Sheep":12,"stat.useItem.minecraft.stone_pickaxe":14,"stat.pickup.minecraft.red_flower":23,"stat.sneakTime":472,"stat.pickup.minecraft.wool":12,"stat.damageDealt":1210,"stat.timeSinceDeath":22134,"stat.useItem.minecraft.wooden_axe":15,"stat.mineBlock.minecraft.dirt":6,"stat.craftItem.minecraft.wooden_pickaxe":1,"stat.killEntity.Pig":2,"stat.mineBlock.minecraft.stone":31,"stat.mineBlock.minecraft.tallgrass":7,"stat.pickup.minecraft.mutton":16,"stat.diveOneCm":2452}