{"stat.drop.minecraft.cooked_mutton":1,"stat.chestOpened":1,"stat.craftItem.minecraft.stone_shovel":1,"stat.pickup.minecraft.double_plant":11,"stat.pickup.minecraft.pumpkin":2,"stat.walkOneCm":120709,"stat.craftItem.minecraft.bed":4,"stat.useItem.minecraft.torch":3,"stat.pickup.minecraft.iron_sword":1,"stat.pickup.minecraft.crafting_table":3,"stat.craftItem.minecraft.cooked_porkchop":6,"stat.mineBlock.minecraft.cobblestone":1,"stat.mineBlock.minecraft.pumpkin":2,"stat.useItem.minecraft.cobblestone":10,"stat.craftItem.minecraft.crafting_table":1,"stat.furnaceInteraction":10,"stat.drop.minecraft.dirt":1,"stat.mineBlock.minecraft.double_plant":6,"stat.useItem.minecraft.cooked_porkchop":4,"stat.craftItem.minecraft.boat":1,"stat.craftItem.minecraft.coal":4,"stat.pickup.minecraft.log":37,"stat.useItem.minecraft.rotten_flesh":2,"stat.pickup.minecraft.string":5,"stat.drop.minecraft.cooked_porkchop":1,"stat.useItem.minecraft.mutton":1,"stat.jump":710,"stat.swimOneCm":9814,"stat.fallOneCm":23738,"stat.useItem.minecraft.planks":33,"stat.useItem.minecraft.cooked_mutton":3,"stat.craftItem.minecraft.stone_slab2":0,"stat.useItem.minecraft.stone_axe":64,"stat.pickup.minecraft.porkchop":28,"stat.pickup.minecraft.stone":5,"stat.crouchOneCm":2600,"stat.craftItem.minecraft.torch":4,"stat.pickup.minecraft.dirt":54,"stat.useItem.minecraft.dirt":40,"stat.sprintOneCm":73607,"stat.useItem.minecraft.stone_slab2":9,"stat.pickup.minecraft.bow":1,"stat.craftItem.minecraft.stick":12,"stat.craftItem.minecraft.wooden_axe":1,"stat.craftingTableInteraction":14,"stat.pickup.minecraft.rotten_flesh":2,"stat.pickup.minecraft.sand":3,"stat.craftItem.minecraft.furnace":1,"stat.boatOneCm":66072,"stat.craftItem.minecraft.planks":88,"stat.craftItem.minecraft.stone_axe":1,"stat.damageTaken":805,"stat.mineBlock.minecraft.crafting_table":3,"stat.mineBlock.minecraft.red_flower":29,"stat.craftItem.minecraft.stone_pickaxe":1,"stat.mineBlock.minecraft.torch":4,"stat.useItem.minecraft.wooden_pickaxe":19,"stat.mobKills":30,"stat.pickup.minecraft.cobblestone":77,"stat.craftItem.minecraft.wooden_sword":1,"stat.mineBlock.minecraft.log":37,"stat.pickup.minecraft.planks":8,"stat.useItem.minecraft.stone_shovel":48,"stat.flyOneCm":127692,"stat.useItem.minecraft.boat":1,"stat.pickup.minecraft.bed":1,"stat.deaths":2,"stat.mineBlock.minecraft.planks":8,"stat.pickup.minecraft.wheat_seeds":1,"stat.drop":3,"stat.mineBlock.minecraft.leaves":6,"stat.mineBlock.minecraft.sand":3,"stat.playOneMinute":47523,"stat.entityKilledBy.Zombie":1,"stat.useItem.minecraft.wooden_sword":45,"stat.pickup.minecraft.torch":5,"stat.killEntity.Sheep":15,"stat.useItem.minecraft.stone_pickaxe":59,"stat.pickup.minecraft.red_flower":24,"stat.sneakTime":1028,"stat.pickup.minecraft.wool":17,"stat.damageDealt":3017,"stat.sleepInBed":1,"stat.killEntity.Zombie":1,"stat.timeSinceDeath":46434,"stat.craftItem.minecraft.dye":4,"stat.useItem.minecraft.wooden_axe":15,"stat.mineBlock.minecraft.dirt":62,"stat.craftItem.minecraft.wooden_pickaxe":1,"stat.killEntity.Pig":15,"stat.mineBlock.minecraft.stone":72,"stat.mineBlock.minecraft.tallgrass":12,"stat.craftItem.minecraft.cooked_mutton":9,"stat.pickup.minecraft.mutton":20,"stat.diveOneCm":5471}