{"stat.leaveGame":1,"stat.mineBlock.minecraft.cobblestone":1,"stat.mineBlock.minecraft.pumpkin":2,"stat.useItem.minecraft.mutton":1,"stat.swimOneCm":9814,"stat.useItem.minecraft.planks":33,"stat.pickup.minecraft.porkchop":28,"stat.useItem.minecraft.dirt":40,"stat.useItem.minecraft.stone_slab2":9,"stat.pickup.minecraft.bow":1,"stat.pickup.minecraft.rotten_flesh":2,"stat.pickup.minecraft.sand":3,"stat.craftItem.minecraft.furnace":1,"stat.craftItem.minecraft.stone_axe":1,"stat.craftItem.minecraft.stone_pickaxe":1,"stat.pickup.minecraft.cobblestone":77,"stat.useItem.minecraft.stone_shovel":48,"stat.flyOneCm":129249,"stat.mineBlock.minecraft.sand":3,"stat.timeSinceDeath":55642,"stat.craftItem.minecraft.wooden_pickaxe":1,"stat.pickup.minecraft.mutton":20,"stat.drop.minecraft.cooked_mutton":1,"stat.pickup.minecraft.double_plant":11,"stat.craftItem.minecraft.bed":4,"stat.furnaceInteraction":11,"stat.drop.minecraft.dirt":1,"stat.useItem.minecraft.cooked_porkchop":5,"stat.pickup.minecraft.string":5,"stat.useItem.minecraft.cooked_mutton":3,"stat.craftItem.minecraft.stone_slab2":0,"stat.sprintOneCm":75414,"stat.craftItem.minecraft.stick":12,"stat.craftItem.minecraft.wooden_axe":1,"stat.mineBlock.minecraft.crafting_table":3,"stat.deaths":2,"stat.mineBlock.minecraft.planks":8,"stat.drop":3,"stat.playOneMinute":56731,"stat.useItem.minecraft.wooden_sword":45,"stat.killEntity.Sheep":15,"stat.killEntity.Zombie":1,"stat.craftItem.minecraft.dye":4,"stat.mineBlock.minecraft.tallgrass":12,"stat.craftItem.minecraft.cooked_mutton":9,"stat.diveOneCm":5471,"stat.chestOpened":2,"stat.pickup.minecraft.pumpkin":2,"stat.pickup.minecraft.iron_sword":1,"stat.craftItem.minecraft.cooked_porkchop":28,"stat.craftItem.minecraft.coal":4,"stat.useItem.minecraft.rotten_flesh":2,"stat.drop.minecraft.cooked_porkchop":1,"stat.jump":725,"stat.fallOneCm":23947,"stat.useItem.minecraft.stone_axe":64,"stat.crouchOneCm":2802,"stat.craftItem.minecraft.torch":4,"stat.pickup.minecraft.dirt":54,"stat.craftingTableInteraction":14,"stat.boatOneCm":66072,"stat.damageTaken":815,"stat.mineBlock.minecraft.red_flower":29,"stat.mineBlock.minecraft.torch":4,"stat.useItem.minecraft.wooden_pickaxe":19,"stat.craftItem.minecraft.wooden_sword":1,"stat.pickup.minecraft.planks":8,"stat.pickup.minecraft.bed":1,"stat.pickup.minecraft.wheat_seeds":1,"stat.entityKilledBy.Zombie":1,"stat.useItem.minecraft.stone_pickaxe":59,"stat.damageDealt":3017,"stat.sleepInBed":1,"stat.mineBlock.minecraft.dirt":62,"stat.killEntity.Pig":15,"stat.craftItem.minecraft.stone_shovel":1,"stat.walkOneCm":133820,"stat.useItem.minecraft.torch":3,"stat.pickup.minecraft.crafting_table":3,"stat.useItem.minecraft.cobblestone":10,"stat.craftItem.minecraft.crafting_table":1,"stat.mineBlock.minecraft.double_plant":6,"stat.craftItem.minecraft.boat":1,"stat.pickup.minecraft.log":37,"stat.pickup.minecraft.stone":5,"stat.craftItem.minecraft.planks":88,"stat.mobKills":30,"stat.mineBlock.minecraft.log":37,"stat.useItem.minecraft.boat":1,"stat.mineBlock.minecraft.leaves":6,"stat.pickup.minecraft.torch":5,"stat.pickup.minecraft.red_flower":24,"stat.sneakTime":1051,"stat.pickup.minecraft.wool":18,"stat.useItem.minecraft.wooden_axe":15,"stat.mineBlock.minecraft.stone":72}