{"stat.pickup.minecraft.boat":1,"stat.walkOneCm":182855,"stat.craftItem.minecraft.sign":3,"stat.useItem.minecraft.chicken":1,"stat.drop.minecraft.dirt":5,"stat.useItem.minecraft.cooked_porkchop":1,"stat.pickup.minecraft.log":3,"stat.useItem.minecraft.mutton":6,"stat.jump":439,"stat.swimOneCm":13748,"stat.fallOneCm":8439,"stat.pickup.minecraft.furnace":1,"stat.useItem.minecraft.cooked_mutton":1,"stat.pickup.minecraft.cooked_porkchop":1,"stat.crouchOneCm":726,"stat.pickup.minecraft.chicken":1,"stat.pickup.minecraft.dirt":34,"stat.useItem.minecraft.dirt":17,"stat.sprintOneCm":60360,"stat.pickup.minecraft.wooden_door":2,"stat.craftItem.minecraft.stick":4,"stat.craftingTableInteraction":8,"stat.boatOneCm":24188,"stat.craftItem.minecraft.planks":12,"stat.killEntity.Chicken":1,"stat.damageTaken":240,"stat.pickup.minecraft.feather":1,"stat.craftItem.minecraft.stone_pickaxe":1,"stat.mineBlock.minecraft.red_flower":1,"stat.mineBlock.minecraft.furnace":1,"stat.mobKills":2,"stat.pickup.minecraft.cobblestone":37,"stat.craftItem.minecraft.wooden_sword":1,"stat.mineBlock.minecraft.log":3,"stat.flyOneCm":32691,"stat.pickup.minecraft.bed":1,"stat.pickup.minecraft.wheat_seeds":4,"stat.drop":5,"stat.mineBlock.minecraft.leaves":13,"stat.playOneMinute":46305,"stat.useItem.minecraft.wooden_sword":29,"stat.useItem.minecraft.stone_pickaxe":56,"stat.pickup.minecraft.red_flower":10,"stat.sneakTime":526,"stat.damageDealt":170,"stat.sleepInBed":1,"stat.timeSinceDeath":46305,"stat.craftItem.minecraft.dye":7,"stat.useItem.minecraft.sign":2,"stat.mineBlock.minecraft.dirt":22,"stat.mineBlock.minecraft.stone":46,"stat.mineBlock.minecraft.tallgrass":1,"stat.diveOneCm":1804,"stat.pickup.minecraft.mutton":6,"stat.pickup.minecraft.cooked_mutton":6}