{"stat.pickup.minecraft.boat":1,"stat.walkOneCm":101761,"stat.boatOneCm":24188,"stat.craftItem.minecraft.sign":3,"stat.craftItem.minecraft.planks":12,"stat.killEntity.Chicken":1,"stat.damageTaken":70,"stat.pickup.minecraft.feather":1,"stat.useItem.minecraft.chicken":1,"stat.mineBlock.minecraft.red_flower":1,"stat.craftItem.minecraft.stone_pickaxe":1,"stat.mobKills":2,"stat.pickup.minecraft.cobblestone":9,"stat.craftItem.minecraft.wooden_sword":1,"stat.mineBlock.minecraft.log":3,"stat.pickup.minecraft.log":3,"stat.flyOneCm":7691,"stat.useItem.minecraft.mutton":2,"stat.pickup.minecraft.wheat_seeds":3,"stat.jump":183,"stat.mineBlock.minecraft.leaves":13,"stat.swimOneCm":9807,"stat.playOneMinute":22005,"stat.fallOneCm":3149,"stat.useItem.minecraft.wooden_sword":29,"stat.useItem.minecraft.stone_pickaxe":4,"stat.pickup.minecraft.red_flower":10,"stat.sneakTime":173,"stat.damageDealt":150,"stat.crouchOneCm":152,"stat.pickup.minecraft.chicken":1,"stat.timeSinceDeath":22005,"stat.pickup.minecraft.dirt":8,"stat.useItem.minecraft.dirt":2,"stat.sprintOneCm":27218,"stat.useItem.minecraft.sign":2,"stat.mineBlock.minecraft.dirt":12,"stat.mineBlock.minecraft.stone":4,"stat.diveOneCm":592,"stat.pickup.minecraft.mutton":6,"stat.craftItem.minecraft.stick":4,"stat.craftingTableInteraction":7}