{"stat.pickup.minecraft.log":3,"stat.flyOneCm":93,"stat.walkOneCm":48173,"stat.jump":75,"stat.mineBlock.minecraft.leaves":13,"stat.swimOneCm":925,"stat.craftItem.minecraft.sign":3,"stat.playOneMinute":10305,"stat.fallOneCm":2464,"stat.useItem.minecraft.wooden_sword":13,"stat.craftItem.minecraft.planks":12,"stat.sneakTime":147,"stat.damageTaken":60,"stat.damageDealt":30,"stat.crouchOneCm":67,"stat.timeSinceDeath":10305,"stat.useItem.minecraft.sign":2,"stat.craftItem.minecraft.wooden_sword":1,"stat.mineBlock.minecraft.log":3,"stat.craftItem.minecraft.stick":4,"stat.craftingTableInteraction":4}